5.413351907303208,5.554356351754552,0
10.180334084724553,-2.878192874459206,0
3.559101191385552,2.0291007455909744,0
-7.5994923000731145,2.1820125734028233,0
9.987706536438898,-3.621166620180452,0
8.335094872542312,-2.8172532421472756,0
-7.350751807881393,1.4798478274761322,0
5.901943312334032,5.486184322674109,0
4.964435658894416,5.910993873756437,0
8.001715310596893,-2.7551491707830755,0
9.264736581062879,-2.8691323549527157,0
9.903642098320038,-3.12333157526614,0
8.479764955941793,-2.5226512361009887,0
9.635765514037557,-3.8317608529804383,0
10.292379451239448,-4.294012819943666,0
3.8995603824394967,1.2729136013843136,0
8.677004386727015,-1.7349860294845567,0
-7.268885882701718,1.6698151518882645,0
-7.828939688599198,1.558412324413459,0
9.069934365084267,-2.381904302312089,0
-7.401363024023918,2.1525565413824195,0
4.103512410322534,1.245813256831402,0
8.345855234139085,-1.877375786486971,0
10.702840476798059,-3.3545236797157885,0
-6.745857631872045,2.29782851092113,0
-7.120654032941631,1.9485812101925224,0
9.063340325735126,-3.913153716807556,0
8.894568277180996,-2.1538849232449846,0
5.0273242815280055,5.667246449901714,0
-7.111390657648041,1.9570081597133868,0
8.128567843504205,-2.0514907519731955,0
3.7098381223133106,0.9081893075729622,0
8.709162393956163,-2.4722077285878883,0
9.484256618415069,-3.6975039267994423,0
-7.4775058197148505,2.4760576104224348,0
10.253118903574968,-3.4509521759974926,0
4.066105320300858,1.257383819532453,0
5.126864092639693,5.929804048440578,0
4.237731478146612,5.805723581732489,0
2.5504986479522413,0.8194983546664292,0
4.732589044856583,6.028551745409701,0
-7.59048237773681,1.2653818210150325,0
5.177282355824615,5.4384691263852885,0
9.824872454174661,-2.8086761724379743,0
5.084439763766431,6.23883135576923,0
-7.663336857978217,1.189884641918293,0
5.203175220568434,5.8394945125010365,0
-7.800341509969555,1.6785765014765863,0
4.044983488395174,1.4296622807099129,0
4.974721679554007,5.004256002400343,0
-7.214429323996079,2.838037252612811,0
4.9277939846630465,6.0864281452816975,0
8.484886594693558,-2.369654762046529,0
5.687445713736502,5.413907819669557,0
3.444368734500648,2.17241070554837,0
4.574101486239486,5.683394331660826,0
10.3018181586619,-3.0335015072531757,0
4.38265337201138,1.0138031063547903,0
10.301979019135551,-4.2594380989703255,0
3.858395346094038,1.6842024573669385,0
-7.18766598061282,2.113251292134842,0
7.699906179136951,-1.9181514657286078,0
10.186151156421486,-2.8708523903711316,0
3.1087845893894688,1.727793855507818,0
5.903233670562677,5.904575547722298,0
10.353132722677637,-4.125280507900787,0
-6.76837122865888,2.1648066626861944,0
3.0782685156226557,0.704137762641861,0
9.264335275682535,-3.8019679912174547,0
9.395681802656558,-3.673211640006405,0
4.9420277108277,5.910855150193614,0
3.91885997819833,1.0550209567096214,0
7.551029283553727,-2.9695806805189084,0
9.592760606833204,-3.3772186266202557,0
4.6065072265894,6.006987994226616,0
-8.275557416318344,1.787731443115787,0
10.361011258087656,-4.0924478930836745,0
9.894647689712077,-3.8690683844540166,0
4.733309984285866,1.5067012412241363,0
4.488102866478808,4.952095116441619,0
8.03720601058775,-2.9693780883813163,0
8.309290511977785,-2.4688407757588346,0
5.3242481858922055,6.224882170950036,0
9.245040621440982,-2.509969707514526,0
9.708779909988762,-3.668185865621418,0
9.834470394089859,-3.1864070147711607,0
8.326648183858671,-2.920303252616229,0
10.473489839410822,-3.7112382997916473,0
4.900940232819037,5.357641528772866,0
10.166379855901328,-3.9364728598207757,0
-7.660943437683417,2.6345217384739277,0
4.180160414094465,0.7104701726767494,0
4.996682112887951,6.588828116328676,0
10.459111916379932,-3.167468472733626,0
-7.668145347618324,1.8407333986804693,0
8.206042126857062,-2.908878125102913,0
2.8194955691206296,1.0944522052010197,0
5.304886899161467,6.080135727166162,0
5.39585376753986,6.129378868851569,0
3.399571244130127,1.294599487107977,0
8.565998189009127,-2.5409960623724963,0
-6.828395782759954,1.9340572965521317,0
3.131823424875673,1.7170016724723425,0
-7.317575232119899,1.8505267437813533,0
8.604647097022502,-2.233250019085791,0
10.294166546485075,-2.4381020423230106,0
8.304871357040373,-2.6860219294384136,0
5.79819959435444,6.527347583135373,0
8.676085452456638,-2.353353727451154,0
10.17451653287439,-2.978022738356637,0
8.604235946554978,-2.7055651995408736,0
5.254031771823735,6.359309697685198,0
-6.785752101208803,1.818419803647448,0
4.024020386369912,1.3045792955690545,0
9.856404631077917,-4.269545793167753,0
7.663842084841013,-2.3721005738099343,0
3.8733132975429254,1.3007324579542408,0
10.624387727510834,-3.236241632207592,0
4.6084057802317995,5.11631653036467,0
4.107001588271326,2.139990684889913,0
3.882693284615012,1.830612265827904,0
8.68482857193912,-2.675793720472097,0
8.197904237300396,-3.048580899961099,0
-7.2697233179326775,2.2180914084392604,0
9.579436100698087,-4.888646766537815,0
-7.745399076209734,2.011844650170893,0
8.57051565270731,-2.632312757070985,0
-7.65330353514994,2.04116938264502,0
10.388266635058864,-4.341214293311682,0
9.223756576206316,-3.2863086113982143,0
-7.201701358350873,1.3316783285947387,0
3.7314266647693337,0.5912502823350592,0
-7.363492593518885,2.0330628543861655,0
-7.517318263851156,1.7336610628088185,0
9.888549330484835,-3.5411644208709765,0
-7.610117821760919,1.7605269083685442,0
-7.321182136550198,1.0958846867665781,0
8.076718097674947,-2.7036949326411226,0
-6.602369289827359,2.1412552404149325,0
-7.720650878162779,1.888220215589658,0
9.890316703916632,-3.445942385608402,0
8.86772154430902,-2.2289976544126286,0
4.555515483126986,5.195081136177138,0
8.485425614679558,-2.251422976530436,0
-6.746798498806798,1.69027650370015,0
3.7506218690899282,1.9990300026915127,0
8.387430309448124,-2.5252060601931983,0
10.87652358349526,-2.871906388897498,0
4.611825286626138,5.602535329693553,0
8.916838589940365,-2.8103815701144406,0
4.100661992067828,1.7870441620228876,0
5.312227121860804,5.48042313352285,0
3.9980991992978905,0.987859949531542,0
8.974695376337817,-3.0205584860083206,0
3.6397750472492794,-0.3382014336753201,0
4.81896288560652,1.2159879251620858,0
9.741543930290003,-3.4734428704803517,0
9.916013164343683,-3.1093376383525473,0
4.125801306613508,0.577739241322619,0
9.62986689070922,-3.1560895801303883,0
5.165256919424063,6.15065974055793,0
10.504806846136956,-3.0587914584340354,0
5.962809648380696,5.815620928157816,0
4.217780508084598,1.222060549558081,0
10.272098282074941,-4.398162343445854,0
5.063329151882483,5.682529561794257,0
9.43137707344657,-3.6084183760982307,0
4.526969467634323,4.764919510309532,0
-7.221548206486817,1.9006070328611266,0
9.111689789055895,-3.6342103551448792,0
-7.549436278722826,1.831448668306559,0
-7.490633932649369,1.621183931714787,0
8.427891812969154,-1.5889668113372517,0
3.696886927721603,1.0913003176067655,0
-7.159915865938404,1.0173718682137527,0
-7.7390099817612485,2.408069704068987,0
9.224700397166819,-3.459360391158334,0
5.294407308140063,6.189452199947613,0
10.032183797654666,-3.9556343337382014,0
5.389626923995264,5.946849123303113,0
3.775577417916367,0.2372062568836687,0
5.275859210365317,5.607648978538082,0
5.372697567977754,5.672834639001002,0
10.462616254923953,-3.5060661865906333,0
3.4831510268740997,0.9795970188344755,0
5.564731371976204,5.844688676107406,0
-6.983644048681655,1.00684997743697,0
8.764074596027907,-2.375486799536975,0
5.221955848568682,5.65768208368415,0
9.90698592330515,-3.6431301666295766,0
6.135320389180835,6.1861914932274376,0
-7.41689370406573,2.434773161717716,0
-7.775079746173856,2.1772704343993294,0
10.32449477621749,-3.941882797978418,0
4.665221334188761,5.363420916110844,0
3.558842110170853,1.7374969734259416,0
5.455790660057888,5.486117971176764,0
8.942302688244878,-2.4783847692872496,0
9.295674969830038,-3.5268083375111785,0
8.99966986115531,-2.6048260052065135,0
8.641127966963609,-2.197698018514097,0
5.619115736117396,5.8502043000468325,0
4.945463863069406,5.693478958421398,0
9.171783667826347,-3.1467226952973997,0
8.88935149959308,-3.1566403011662305,0
8.658166834724236,-2.215349310515068,0
8.290084697462584,-2.860605398821778,0
6.036818351092992,5.365486503998186,0
9.416978379433711,-3.9666024637215265,0
5.906333040094188,4.961290293639959,0
5.151602010922913,6.258879624122654,0
-7.0679409382632405,1.625356981263449,0
4.08678917089604,1.3361889410159522,0
-6.99829928560993,1.852485878934896,0
8.227859133876727,-2.1902941651618515,0
-7.540199189904499,1.0853595327169534,0
5.427164489235366,5.90439311628782,0
9.692977224364938,-1.8556355186550042,0
10.479091952473976,-4.175914289692752,0
-6.726747846235249,1.8048557532061764,0
8.729534400733264,-4.3981906143682865,0
9.773386298615486,-4.477443412589424,0
4.638520059937402,1.2786898108563673,0
9.815807578922488,-4.245534205846289,0
8.330904311029567,-1.808667234366368,0
3.765363628969844,1.5200444696076407,0
-7.4310289648187275,2.032707964458997,0
3.665904353153016,0.6677140740631143,0
3.2974470072712814,0.4845377182563173,0
9.228648163898608,-1.6758291006041777,0
4.1457052720510426,0.24365232916419421,0
-7.839995620395211,2.1882454032499803,0
-7.970027638654265,2.1713706634361696,0
7.818950297613125,-1.941367884061241,0
10.388656836092869,-3.752165881881668,0
-7.142759892483765,1.0658583346346697,0
-6.903474468075791,2.1378643624472162,0
5.1215304741381225,5.703666587674733,0
-7.6407705601751905,1.8629686600390236,0
10.407145840596474,-3.7729499991360274,0
3.439522226559033,1.1579893104471854,0
3.688763707835575,1.3406532577097188,0
8.789024142000336,-2.2485610641450804,0
5.404954697636755,6.115186123322505,0
3.397182775770516,1.1652128730229874,0
-7.749809965660149,1.8605336448115766,0
8.690116511844646,-1.9516028317916683,0
10.385707757823143,-3.484868975384435,0
9.695531880113597,-3.35078930464275,0
9.82088424184713,-4.343657650089762,0
-8.107672980302976,1.6995612938416957,0
-7.00156028814601,2.135987507609311,0
-6.763986631857298,2.2477063455037563,0
5.466728629376943,6.558777473598731,0
3.767769701361985,1.081918460616692,0
7.964290971040575,-2.7687409843524615,0
-7.993691383282359,1.4847605519172857,0
-7.43787700058146,2.5688443309411646,0
5.288317489721949,6.506381935794949,0
9.070584349748117,-4.55354465799387,0
10.481053351661219,-4.054924762627388,0
8.66391540101081,-3.1323693277675697,0
8.91719089297899,-2.2841577981483616,0
-7.807526779311224,1.978096985820939,0
-7.174359813969662,2.3306677410084813,0
4.44703174813843,5.6443488864590305,0
9.171131727007836,-3.158468495201892,0
8.514829831756975,-2.1076218564231524,0
3.5110052393068383,1.8328863133049997,0
-8.157447597788236,1.4358752901845375,0
10.652607009993334,-2.2911528440568016,0
-8.114756233913539,2.057413496118837,0
8.054691788590853,-2.4782366259316175,0
8.93758904559058,-2.453724909578769,0
7.801769674836222,-1.7975130164467354,0
-7.478025854430441,1.6178290653220837,0
8.099355783048322,-2.683246839705304,0
5.092538667094301,5.944110976280805,0
8.495926028475399,-2.2960872879952237,0
4.8955444335122476,5.9676260106030075,0
9.510718414900223,-4.139467839308287,0
3.5285371679766597,0.8701404283741334,0
7.924150345252609,-3.055530151166403,0
-7.239084830504599,1.3053167393609755,0
9.368801135519885,-4.157769658686496,0
5.303046354887489,6.124257272075476,0
-6.542308358638032,2.192088957337851,0
7.512404335728733,-2.628228884544014,0
4.0904936364152285,1.0587935202502716,0
4.027334031813715,0.797683157090775,0
4.576384517038051,1.0745571887734,0
5.102072900939263,5.466300782637324,0
3.2855667558694686,0.43861032572777614,0
-7.480306054132575,2.7511829453456933,0
-7.757572774836587,1.2589561575858346,0
-7.317746662632993,1.8228760311310075,0
10.3093939157035,-3.519958351808934,0
9.971200857658632,-3.1660977084488686,0
-7.9537854198773825,1.0966794050701285,0
-7.468231287126542,1.2448501136119359,0
5.095610080465912,5.694299965626017,0
9.909097951974978,-3.856435561066687,0
-7.340827409141033,1.557605678401557,0
10.191528977985081,-3.692155154441202,0
10.920241015658538,-4.124654208122727,0
-7.3334433998691075,2.2413944194074027,0
8.13560335453169,-1.9693233065153442,0
-7.949612988271268,1.6488958448488271,0
3.791426532077339,0.321285340125698,0
-7.383496135727838,3.3924247322571337,0
5.205270291135589,6.0438330791374675,0
8.055819817543538,-2.918621512671679,0
3.4488193731866925,1.1276286971219636,0
4.660495917988857,4.931033613648823,0
10.104138226946514,-3.266213988693512,0
10.018142604231198,-4.135293879380351,0
5.4185671139261125,6.201509498887664,0
9.402084964617787,-2.507681965009578,0
4.860921307683964,5.508524457766249,0
5.414858388120279,5.584241926780929,0
-7.180419496399327,1.4244716719889081,0
5.700400723944272,5.197099417027397,0
4.870398892697121,5.2361409513338,0
10.006599491706332,-4.338452862678674,0
8.452228006661425,-1.9138810439471325,0
8.003638220285467,-1.3173272587062361,0
9.398099844680555,-4.309490743030447,0
-7.907029694441101,2.4455548895859187,0
8.34714473783132,-2.7737524198932046,0
4.237430802343761,5.999280660831266,0
9.197743519200962,-2.176154073503806,0
3.233146387946728,0.9821862186387674,0
-7.32683825786933,2.12471840477899,0
-7.142707636048058,2.0182420430451873,0
8.28831173240991,-2.7707499947074825,0
8.728689960911044,-1.92215382130188,0
4.045894598705664,1.2237075374028166,0
8.296261113362416,-2.4915964542935263,0
5.158009690354947,6.4207663186997435,0
3.2556527396605714,0.9774283768106531,0
7.877699685426996,-2.585115130759557,0
8.340198415612994,-2.8950976241452593,0
8.731840635261204,-2.39418266092241,0
3.8400307025058624,1.1016050853034094,0
8.50353079921695,-2.145380042219923,0
10.073620906886816,-3.870861938335118,0
9.463477552931145,-3.4210593037394066,0
4.993766740254737,5.98775635037662,0
3.8286151588226467,1.3741680602149802,0
4.828205976659089,5.6706384693220295,0
7.81777023557971,-1.9631438538477872,0
-7.649856872128348,1.2221813034381706,0
5.483365262791024,6.132378494255008,0
10.360823502633671,-4.107255468740467,0
4.302609361886532,0.8781866037698531,0
3.95324576982219,0.5350081482333972,0
3.00849980794768,0.6546235802058777,0
5.172826136590549,5.021503395865112,0
8.096547727157429,-2.2703444246145676,0
-7.228298389752787,2.379459519311835,0
3.6592191648524652,1.4672808996044835,0
8.575239305571603,-2.327992242544618,0
8.570412528038693,-1.5450254953686193,0
3.37560954066539,0.870519211587761,0
4.282853324271763,0.9502292812032433,0
8.288393852188946,-2.2310975803779187,0
-7.679012966834836,1.7787479120958,0
-7.299458238500834,2.2250588392468846,0
8.329576959349835,-2.037407041654494,0
9.099220232861079,-2.2825074354698516,0
8.698357178719471,-2.344002474061603,0
4.417146463375831,0.46618376815725404,0
5.818783680355528,5.657584451358335,0
9.78394278690273,-3.362339784229351,0
9.791826056994703,-3.700762051791467,0
9.047028416104299,-3.900487144381663,0
8.447324597831406,-1.604496255095179,0
8.331825071411325,-2.4845484830791076,0
-7.6120384413678055,1.0255765993237609,0
-7.610461652473093,2.632608894550756,0
8.564562877983319,-2.679197135062845,0
-7.568420698210032,2.120134331080029,0
10.07322557636207,-4.004271516725733,0
4.923564669963762,6.188997201245621,0
5.475084132341242,5.996995936379903,0
5.319469298663339,5.863427781591573,0
-7.148601359570969,2.8228699894439107,0
10.219699064664054,-4.021767063312296,0
-6.971967144446401,1.4472918291225083,0
3.2921810048494393,1.3748911078044828,0
3.727286368799171,1.5950211893265673,0
8.461606144497926,-2.223647649366743,0
9.957127675472918,-4.016991161525395,0
-7.515273064053699,2.3450530922824315,0
4.391651028500338,0.8782042433081355,0
9.927132430775126,-3.9358682551760436,0
3.6056503518293606,1.746429078888812,0
3.691796576449544,1.3902233128295456,0
5.124241697728455,6.3939774721090625,0
5.579685383377699,5.639662340243191,0
4.101638796732045,1.116463157037802,0
3.3953847188210027,0.9298108781979239,0
-7.363778745885368,1.7342202216970333,0
-7.616652450521253,1.4001575968396418,0
9.293882000745729,-4.114048761959751,0
5.380544134649245,5.460200413874736,0
4.602702149500751,6.01979240078299,0
4.882166202074333,5.795159595390388,0
8.566824026675196,-2.585849591182777,0
9.649754163955839,-3.081008590397088,0
-8.33184698268128,2.1199967916529947,0
9.261644001485731,-3.3839397139960523,0
5.363209765957536,5.869059645734519,0
-7.462934495149799,2.0517051655043677,0
4.892000875118122,5.738654092405288,0
8.820623766717935,-3.017881675106127,0
3.400468786421335,1.9801991317907586,0
10.401892596874216,-3.565668628258383,0
-7.435079579514889,1.8309564660257973,0
8.148115979064443,-2.970122909984007,0
-6.993810093992505,2.0682056168385334,0
4.848528421562257,5.530340473430326,0
8.71292683149572,-2.3302644118667373,0
10.487840366603578,-3.435112667106158,0
3.1599563420327104,1.7335245383537363,0
8.668027138330624,-2.092352338350388,0
3.8411171730831017,0.82963148819525,0
-7.104095946272494,2.1040805100189153,0
5.273691101321813,5.943905887884733,0
5.214541123168071,5.96616484447886,0
8.730494574440018,-2.5351336968687046,0
8.218682731171304,-2.6126173609189314,0
10.044452117248,-3.2236701147377307,0
3.590641220541772,0.4744050920927545,0
-7.652451636539427,2.3664475738926445,0
5.261506031570861,5.8977678096347175,0
8.931004152973788,-2.398415703850399,0
5.857351334391499,5.142944043689448,0
5.009779444469879,5.290334254158969,0
-7.486865205209946,2.4075902555606774,0
9.782831529972901,-3.31066794969026,0
9.75423973691253,-3.521373878562232,0
4.6771843050714805,5.056003032990926,0
9.878792424388894,-3.387377393284032,0
-7.635623815694823,1.4217560085804963,0
3.978160064565601,5.849848078163335,0
5.6173228295153805,6.082446312598318,0
7.927808785132742,-1.809111669491934,0
5.579255414338051,5.817505130381823,0
9.684759834717145,-4.468086027862997,0
8.878263856994467,-4.215525231408625,0
4.2638861997473905,5.864104319400893,0
-7.388273188712655,1.5859605714320781,0
-6.654296440921431,1.4289102102469666,0
8.62522392934222,-2.6558631584801233,0
5.1446619153487,6.062389308993189,0
-7.524467674085219,1.9312295507211448,0
9.236456525496596,-4.094848498413091,0
3.6684340957969535,1.1466435316299965,0
4.068534497183342,0.2745138269218076,0
10.01544973862097,-3.0751792774925324,0
-6.5491333010142245,1.9208376646644345,0
-6.534653025169139,1.9578228374004965,0
10.008777701243062,-2.977228940529134,0
9.899943715915123,-4.204337281372437,0
3.489192259526184,0.7198623164654198,0
8.530550408886107,-2.606725733728881,0
-7.698240706392086,1.2269293633096616,0
-7.699360833771219,1.8239271959549999,0
3.5106199938026754,1.4977937412601516,0
4.926625062638298,5.922356550355257,0
5.908934068466707,5.59040388367321,0
3.581526196259872,0.7071189125373356,0
8.353073023522995,-2.4247458858048514,0
8.594548866349179,-2.5831837204056547,0
8.476314836760176,-3.0324038657224746,0
-7.175832792124214,2.0793035855381117,0
-7.5049702134020615,1.9757796825141982,0
8.280294992882835,-2.2651683916014695,0
5.51001129692601,5.911369303968722,0
-8.131643790532197,1.2089376649564216,0
-7.779451137466302,1.2120664754186254,0
9.954894875943298,-3.4352583094144116,0
-7.2515865629153655,2.02925458369989,0
3.867498281507377,1.078632759197604,0
10.627250505266527,-3.7065997578757073,0
5.426092508009527,5.969203899988021,0
-6.533058478325527,1.8327336531558105,0
-7.401750475686506,1.5069647029891367,0
4.623498834215702,1.3725057377153738,0
-6.784708859916884,1.6377409771499623,0
3.7065582257901597,1.2581155028952782,0
4.950460053110944,6.040025818340787,0
-7.499974332667005,1.686907440405518,0
9.427366090072661,-2.572320149807614,0
5.978242986990497,6.311447088857934,0
-8.081844949702225,2.0995785601283767,0
8.610912886075912,-2.1787344748142203,0
3.467306453761906,0.7273573061918495,0
5.341992974708605,5.886540420669551,0
4.390463105407311,5.1659595650077,0
3.8922949791171417,0.991618864046411,0
8.39999154917301,-2.797399765462221,0
4.044777005657667,0.29626758827274424,0
4.981182761532854,5.627009714718038,0
-6.965954478922171,2.46395026654756,0
-7.5011822408398805,2.9591092931789107,0
4.983170133090633,6.286594956545448,0
9.880024422903874,-3.1710608979144355,0
3.809695662737752,1.465325489253951,0
9.114606727766263,-3.7426062736377244,0
-6.75926120523729,2.474575094822338,0
3.9878097552152454,0.3120560275817843,0
8.436087017257409,-2.9844765027083517,0
9.741278448861378,-3.3644877358746683,0
-7.904460608610751,1.9313581906021895,0
3.3087858959563574,1.2472464853029388,0
8.393947691712283,-2.514513688690051,0
5.227839639901724,5.164262750937537,0
8.85876963406676,-1.5985374221992037,0
-6.896656628271426,1.9014620736919279,0
9.403962782258269,-3.298138249391539,0
4.1504842968267655,0.06495605308301156,0
10.205954003818754,-3.5904151404245455,0
-7.497997203482672,1.8187941826565401,0
8.583399744086925,-2.4043879144314193,0
5.746345400910463,5.548789531572297,0
9.356902151245372,-4.37124212775363,0
9.466405044391871,-3.6228692150039663,0
8.382575840949585,-2.533714022040363,0
11.069571996306841,-3.288641919121052,0
9.929758846932994,-3.310238626693468,0
5.589586223061598,5.2656685443584825,0
3.9439665769106997,1.4934191886322241,0
8.398355349299752,-2.2108312620349015,0
4.061014725928473,0.5959759271458817,0
4.357641252435372,0.8982393554794678,0
7.72164430370784,-2.66672977141756,0
-7.76152839761681,1.7453936031407022,0
9.011536988853772,-3.0632968461840893,0
8.987813849402295,-2.4077667281647694,0
10.146586858318441,-3.692095849785343,0
-7.751572813787201,1.5675611233036755,0
10.244662198685365,-2.4004451641072917,0
10.121380197836395,-3.6093246320442285,0
-7.576542332521883,1.6557096950347934,0
5.3636247564465265,5.021486479504175,0
5.090941577691474,5.380343236469104,0
8.444740350814223,-2.087265517644259,0
5.930340114752884,4.694823337608311,0
-7.095869122261927,2.4990935166587533,0
8.552198631239795,-1.7437208343566197,0
9.68732867951068,-3.524703817697117,0
10.19697022580835,-2.945243201319085,0
3.972480194457064,1.5427160958924997,0
4.346002605373093,5.837917334897003,0
-8.121234047042195,1.4144511721507087,0
-7.352436059997113,2.0783200230231027,0
-7.106755576973271,1.552847027634855,0
3.9600858395518275,1.5784709354244568,0
9.811693257327995,-3.384387724790188,0
9.181822848397596,-2.1931019762070685,0
8.301876554657047,-2.4637620859781015,0
4.91321058741239,5.613884397360347,0
-7.1374934185424515,1.1427339932817022,0
3.7333332208933445,1.3141095570100876,0
8.127658154703282,-2.7109450436735854,0
5.708561009795204,6.006910861786349,0
4.906024671450428,6.033327136100841,0
5.175025684361171,5.966502886967658,0
8.313773010677359,-2.5034690532797215,0
8.297406338182224,-3.2181846404788343,0
3.700238948193364,-0.07444501301471074,0
9.989160151288234,-3.3751581417990204,0
4.880993762026854,5.31989350231947,0
10.045806863594946,-3.550333930048183,0
8.290336310397102,-2.5499203731424513,0
3.5826212898018417,1.2370863153054987,0
-7.88021170578202,1.4865139367226479,0
9.913879211433695,-4.3245599881955235,0
10.13664619160134,-3.261620341323219,0
2.6879454544800314,1.28263356902372,0
3.7641668118187295,0.6724400254715459,0
8.366157570234025,-2.902929909279902,0
4.682657859692047,0.748665696244273,0
4.157898393516552,1.3704135548160907,0
5.111192557096034,6.645465304368191,0
5.381165232527365,5.423419658428417,0
2.378400800250783,1.2321853077738085,0
4.003555098968934,0.948387686683851,0
10.304490805000299,-3.885965879364015,0
10.88884784448739,-3.5254029901802126,0
3.7319315516192555,1.0095488177045644,0
3.496952427842582,1.3021056313448844,0
5.847793465935009,5.8224566966458005,0
7.675132540591838,-2.320187118262435,0
9.547123879051831,-2.744839297183086,0
-7.446292296122823,1.9292614526444147,0
8.736253141018759,-2.997364976495503,0
8.540261676913191,-2.4050268947375155,0
5.36897266779791,6.135223153287719,0
3.2858739370038177,0.5550107285386938,0
-7.2090147444687345,2.649051320478817,0
9.84080152050357,-3.851998674240431,0
10.196506871238938,-4.007651192387382,0
-6.838915329465986,3.0278790365715818,0
5.5077243179263,5.902656943787805,0
10.01819847059493,-4.089634516312242,0
5.572449161227754,5.742177797598913,0
4.560893131678259,5.978934705572786,0
4.558705958596941,6.621906071231619,0
5.361714066038495,6.012242642312691,0
9.462846523743739,-3.6922441795406122,0
5.3931812912746055,5.725258530184089,0
3.927861032105974,1.5698236512852775,0
5.464948759336999,5.377347524044036,0
6.13714971216017,5.2692817441962605,0
3.487582953250266,1.1071810527817385,0
4.937852880873066,5.4796625916784585,0
5.659392086481221,5.953620688607341,0
3.151004786216132,1.6300400104359403,0
9.88375569554315,-3.244430013941015,0
-7.429954335143415,1.6278233593099385,0
-6.942823256943995,1.3763755915660763,0
5.359362242681438,6.058561387981313,0
4.86424499511923,0.1584246126385903,0
8.745087068871852,-2.194356128602906,0
4.629932959591003,5.996346514878273,0
7.924656870199552,-2.4919318952143272,0
-6.9308850797949475,2.0166020062069663,0
4.283606627873046,5.83437323936011,0
-7.255008997338832,1.3842714727064354,0
-7.855844519998452,2.0573795048165415,0
-7.277859186463861,2.277796769076803,0
8.565138724663733,-1.9834144553548434,0
-7.241491390453981,1.8183095366963258,0
5.95783926294283,6.246109376300126,0
-7.7977727812617355,1.1044298662034904,0
3.9486822605921863,1.5130530291177895,0
9.42187754150857,-3.8350979659220736,0
10.335565867054944,-4.3425347877365805,0
5.510343360601287,5.361517377216085,0
8.327465643819062,-2.7239123208151486,0
-7.379929068468682,2.2911986687455705,0
3.9867229247766067,1.147711029400592,0
5.25959435699358,5.178208920776891,0
3.6641351023155933,0.8343945867258848,0
3.9340642992693886,1.7507349485908605,0
9.064819861220842,-3.650605835585866,0
3.6713579038362525,1.3122330608138,0
9.16716145712039,-1.7198278677173127,0
4.2012011457403196,1.8195070948249739,0
-8.380247427153897,2.038969561981785,0
4.0886442169472765,1.0159283510156267,0
9.784201452832288,-4.213888870979405,0
4.036893699916038,1.5105471521910647,0
5.335374275157505,5.9074020286238325,0
-7.138057170059395,1.9987024978749799,0
8.818959203894265,-2.2510182188307866,0
8.567782334437336,-2.337316626624056,0
8.806792481910879,-2.4870767160769187,0
2.8245049012763586,1.7128526299746785,0
8.598132153673856,-2.1703167295563914,0
3.4509535342763984,1.5950764542910059,0
9.008381925593731,-3.3894504412082633,0
4.535997871034338,1.0625061493629397,0
3.8226461203191175,1.2372900083493465,0
5.971976065441526,5.75834943541773,0
9.563298556953836,-3.5546797325447335,0
-7.441139382582476,1.3840440240685004,0
8.504179996458758,-2.9893829423748546,0
3.4943601416475123,1.2458161106665293,0
4.017722527319961,1.4079579203897512,0
-7.308097745287275,2.3079071333658296,0
3.6162553731986886,1.4158782301178605,0
9.937944885055956,-3.6829049695102944,0
8.074584640152427,-2.9742148470717895,0
8.687758397624023,-2.1594558520590885,0
5.078627558742001,5.423824105138488,0
4.719382536263225,6.157518452338881,0
4.743549390555397,5.169609884642149,0
4.325774597268478,0.6115999102456413,0
-6.891658630803084,1.9890299394857136,0
4.410416954423771,5.6442149242099235,0
-7.360595095980904,1.6078517989246532,0
8.549164407640962,-1.9133688917631257,0
9.289082913178078,-3.7637024910416064,0
8.585600925957538,-3.0262003032002767,0
9.733998601864714,-2.8316563553772607,0
4.780168823857358,4.9043180585910235,0
3.7383989305062557,1.0211727507335842,0
-7.072604365797596,1.948524800681455,0
6.141801021631706,4.473752067029696,0
8.351608643656386,-2.1691446024726027,0
9.50113939736315,-3.552881246666445,0
7.679151400065431,-0.8681741181960665,0
4.802057799630782,5.7926897319259,0
8.747859197209667,-2.1104355067651204,0
9.457213548801436,-3.4732626155632778,0
-7.750429025804927,2.1896469162851555,0
-7.141210015302135,1.704634641782198,0
9.814173206408954,-3.9649197741240316,0
3.7105983140106935,0.41012881203035123,0
8.697380000399644,-2.2191753119363917,0
3.0093325824849133,1.0747742660576358,0
4.194517484340415,0.9536334741888932,0
-8.340058824290534,1.490212765324775,0
9.219009143895521,-3.6922212706494886,0
3.6288266366403055,1.4106726339915898,0
3.0897410601893895,0.7857168885533395,0
3.5116105555723878,1.4349368549750747,0
-7.878736410778315,2.5868630157785435,0
4.789794330301724,5.911073152892008,0
3.9705526104672284,1.1797339437510779,0
4.794694537555349,5.38809137158896,0
3.536941692160529,0.9622252716316427,0
5.963906160343799,5.477468869907484,0
4.474260374114738,5.294591106903296,0
9.88960374034902,-3.1775862051272177,0
5.094453836021887,6.22100629973002,0
8.202812334973371,-2.7701162522422145,0
3.5115477303874303,1.6410574243010398,0
8.330972717715856,-2.3904046646368706,0
10.554359926331026,-4.091323928750269,0
6.0399549587215855,5.740928841593632,0
-7.531084507954822,1.413891169022901,0
8.298870265408988,-2.825883336389666,0
10.576324694707392,-3.779482864700855,0
10.154615677397283,-4.007440766960524,0
4.008568936836788,1.269618865297708,0
7.490389709745212,-2.003762379911346,0
8.094222960454985,-3.132947995064343,0
8.662112988975768,-2.8215361298220873,0
-7.716191328429293,1.9171096447566451,0
8.572627350478312,-2.526575972725885,0
6.2761572264496825,5.302620320903289,0
7.92335119409481,-2.2387017047110076,0
-7.55841909549037,1.0772464144408107,0
8.140219738548021,-2.4273806544813987,0
5.453148694968766,5.665267337351731,0
4.39769572143081,1.9405886642715346,0
9.088414142565155,-3.4740405768266394,0
3.2536227226635375,1.0061419230462978,0
-7.066666344015123,1.7869279686121444,0
8.169610988865534,-2.1895030011328838,0
-7.53395271037155,1.9306104675005662,0
5.725803561962763,4.80861418065324,0
8.623173958152744,-2.9027640268934034,0
4.006888514541193,1.413474326308116,0
4.453732915535753,6.537518419712231,0
9.73666255428043,-4.423854466599525,0
9.875625635750353,-3.8903086071909234,0
5.070621444620952,4.877780097134057,0
-7.049597885355295,2.8294387769117337,0
9.261691549126143,-3.245313652678627,0
8.50727592536833,-1.8195463000144048,0
5.569550787892381,5.221283974869355,0
-7.6825439350191,2.007964914235395,0
9.475550002844447,-3.888008069250527,0
4.719182768761956,6.370219320948977,0
3.9593487718214178,0.7524635671783797,0
-7.387629026281016,2.234943189013517,0
7.728841966755158,-1.9897117145371181,0
-6.983153852385197,1.7064245589245775,0
5.2429967753628155,5.449303450992675,0
8.376775870100916,-2.990068443425792,0
5.938001077804191,4.937363392669776,0
9.095418625395673,-2.5425784952873163,0
3.2670009433900833,0.5041176893038397,0
4.434075517957595,5.954631414293909,0
8.584888742782002,-4.183150995008828,0
10.294377339091756,-3.172798676848782,0
8.647312237073056,-2.813544373207921,0
8.166960261036984,-3.0796956074371398,0
9.782132557937802,-2.999364650811894,0
4.35773399508475,6.038689609181982,0
5.1528788191163395,5.83379353989788,0
10.258834425476152,-3.066039821293492,0
8.774873459394609,-2.6668723825284784,0
4.550873699276484,0.6059844007300723,0
4.00340602871474,0.9402938547954736,0
3.112929194388853,1.1374290469148556,0
9.530072064794567,-3.4325795663666945,0
3.46998030716038,1.2022531521593933,0
3.7531215145966215,1.3930929430940195,0
5.622567689148502,5.778399746237729,0
-6.355578590454635,1.5739883679268516,0
-7.518448346260623,1.8115971951047896,0
9.744545452165937,-3.462706432436792,0
8.899379095859999,-2.717782822821444,0
9.939371221787649,-3.7686312679720677,0
-6.882205465215328,2.234010954091797,0
8.962474331859907,-2.6694705995080454,0
3.751911550997985,0.918339650533786,0
10.106414925923868,-3.275487245639361,0
-7.259636557472522,1.7926736141856752,0
9.119338505355609,-3.5660144367991577,0
3.4165332794558916,1.0327974912851283,0
-7.872236986780032,0.12712007665932523,0
8.077303702293069,-2.602447936205139,0
3.7347725055333973,1.2993290112550406,0
2.767350075523053,0.7874475836046775,0
-7.530612805888846,1.8664041515153353,0
-7.23468358107743,2.134068964101399,0
8.48410404837739,-2.382010485184986,0
3.350711654167604,1.2614607956596067,0
8.55785979514651,-1.786809468007687,0
3.8035664514978382,1.2842556097718392,0
3.2766924993891933,1.49540403354443,0
4.434668466413379,5.724246566459144,0
-8.0529023232031,1.4067250438577306,0
8.741518447479452,-2.3106721566581188,0
9.640043123615639,-2.8250035381478984,0
4.990679716668733,5.490257266262827,0
5.032940403378934,1.181631514951156,0
-7.4010341425937325,2.0569510166745486,0
8.14564804969466,-2.4946894247059817,0
5.345731889458135,5.728835886688911,0
4.678430703344348,4.973323927424615,0
10.04146790533736,-3.9920556119585124,0
4.831196485526303,5.975089065655421,0
3.905941545604219,0.9494214199398565,0
8.582573784282902,-2.131187628160525,0
5.075998113515605,5.979376451857471,0
4.600912744978896,5.639585014234087,0
4.418639055293031,0.7741859596725875,0
5.284985335104128,5.272094468923454,0
10.382368962844469,-3.2370600838152317,0
8.609205334591781,-2.4545729803720624,0
10.019339016605084,-3.3595991071385876,0
4.19405324771682,5.868484611112539,0
-7.7371070660205135,1.5927016158046414,0
4.287453081502492,1.906063579184436,0
7.777661562161713,-2.3291616641587907,0
7.748118048294025,-2.6372750288467954,0
9.584940334088802,-3.4380368259280782,0
8.931364602642288,-2.8025110741930797,0
5.238072091557992,5.578826135514964,0
9.17625373779008,-3.4814266648095695,0
9.945429445007713,-3.5609369951596426,0
-6.824151790089191,2.1616189187160493,0
8.40948475121209,-2.2819506489445325,0
9.804344873778604,-4.254339047859858,0
5.073019948495609,6.189703814693434,0
9.550436981659164,-3.656126594308247,0
10.49800029054634,-3.9922590282582298,0
9.966014711002327,-4.246222720546613,0
8.704618091081496,-2.8349416680807678,0
3.233477076141165,0.42476863453929103,0
3.99798396786374,1.0474703895444561,0
9.629745663474772,-3.077406696355169,0
8.503990324936956,-2.759237324026792,0
7.836233891888904,-2.6333449029360914,0
3.9073339426667926,1.029777967012205,0
3.707069845307573,-0.30583392488957073,0
7.889862145980333,-1.7056795381651864,0
3.0896407342065206,1.2192855727237286,0
8.408443004972666,-2.4683577788187434,0
9.420359071791486,-3.2795396793115086,0
3.8716139969779744,1.7274690969869706,0
9.797605866114063,-4.110212528287393,0
3.8482505380887213,1.0120939964542826,0
10.201711606914044,-3.2898829190550534,0
3.175908185343916,0.9648970413554545,0
8.981605966487631,-2.389491862175653,0
3.8485834935460326,0.5881727520332479,0
5.339609229136708,6.13348462828437,0
9.104877510120476,-2.544426914835936,0
4.7701241886757995,5.72046854961552,0
9.251641107567865,-2.4220430646154516,0
-7.4757081200036195,1.8813702705339421,0
10.23076958401454,-3.669374784838582,0
9.361093254730685,-3.906974609100138,0
8.040999696181895,-1.3915707089180602,0
4.1015745391196745,1.2171242532414621,0
10.131925362065964,-3.078970107808665,0
8.763485849975725,-2.8666564191758104,0
5.053449436059562,5.62280111774496,0
-7.749245744410568,1.916480178359468,0
5.279164949533769,6.089101748525455,0
-7.156809990233852,1.8456776356593885,0
-7.337197423981339,1.296788666420003,0
9.71174970152555,-3.562198685360754,0
9.304412554925186,-3.1076580517984755,0
8.347314673324838,-2.6929729625245074,0
-7.232011464670151,1.579324200625288,0
3.6859668757387345,0.8435457844954556,0
5.367022524602888,5.294385942315453,0
3.5495396571518216,1.1064791734892794,0
5.674901475241733,5.727802162920109,0
9.505376869657276,-3.396071967248174,0
-7.09976837131683,1.6089782375610278,0
-7.19902903640591,1.9672978195523978,0
-7.852261824030163,2.427336913029836,0
5.4046818169297755,6.415597742470584,0
3.5856530490506007,1.171552307949635,0
3.78000585107621,1.2047510570064448,0
-7.265781971091979,2.230336117260011,0
-7.089282432146009,1.7529787196755107,0
4.939070185943752,5.648790373310063,0
-6.847298807834061,2.151769411818004,0
8.621909849154536,-2.698350386716296,0
9.414940850134304,-3.999664325284629,0
4.621002013555043,1.4869375330258279,0
8.712894613506874,-2.651297247767902,0
3.7372570336977367,0.23357333356525267,0
-6.920951176446051,2.2947906670112728,0
5.262549441629837,5.64069872827436,0
8.241220655904057,-1.8442809740393438,0
9.041488237227968,-3.314298198026042,0
3.1325790067660524,0.2136033967557004,0
7.776583489261564,-2.039288729305337,0
7.741875026840698,-2.2058646211821196,0
3.7426296996363706,1.0047620542320057,0
-7.472057988922018,2.2422654909956816,0
9.872019901359387,-3.604657757015075,0
-7.596494740019228,2.2603473802650607,0
-7.303840161331027,3.10180828854246,0
9.749238420261493,-3.8711703896988783,0
10.189030790194698,-3.5010035639299257,0
9.540663081087034,-3.5735419002470663,0
4.24728890477566,0.8207021937253981,0
5.700688021655309,6.007640833604861,0
10.24888880224459,-3.57726152144045,0
3.87793450895911,1.277423464247112,0
8.326243474022831,-1.9940103918982461,0
3.240319425483724,0.9587200797532106,0
9.650654383719917,-4.462548438358384,0
-8.002097367185863,2.344787485985127,0
8.528631241067716,-2.768113064820309,0
10.512605956860183,-3.3317676890902086,0
8.132276393342316,-2.0833960086098005,0
-7.17831793286861,2.129758734258906,0
5.785088909059615,5.094900093078469,0
9.726261682163422,-4.263994752688404,0
9.070194483236252,-2.3145116170613163,0
4.297019851001097,1.2947619283408853,0
5.779606654151115,5.615758525485118,0
3.2895596144839025,1.1147314405255788,0
8.377357331696604,-2.525737935923999,0
3.3146848850718875,0.4640288047475005,0
4.804328572978866,5.628015069981985,0
4.675848200845109,5.652024567044673,0
4.971282284245471,6.082766961336311,0
9.868599060204224,-3.691827880835047,0
3.616650595787469,1.16900895932321,0
-6.639348620808636,1.9978063216032833,0
-8.0489933181609,1.448705603579026,0
5.551755882682187,5.841980368593996,0
-7.512142607100467,1.2561127320586594,0
8.156845601710199,-1.9193339464314685,0
9.796677025025193,-4.074378116728461,0
3.673820354584294,1.5429172338178687,0
4.505670562576802,5.117115111304346,0
-6.921863884922362,2.37159805228275,0
4.5845588214456745,5.083500751715974,0
8.199381738722808,-2.395852773642473,0
-8.053578433566065,1.7451494163892325,0
10.429544206286728,-3.883211803414028,0
5.203764058619587,5.680310358243862,0
-7.670956540579508,2.147263741675925,0
4.086148861225083,0.715602630566549,0
3.327628930582335,1.4938687480127546,0
8.235561499324703,-2.453934912466806,0
9.863507164387178,-3.7975580130030395,0
4.007927500000994,0.6572403445453908,0
9.960548635087324,-3.450546308453262,0
9.077297821220482,-1.9783531912388315,0
3.915363081726457,1.0358071636872659,0
3.892210889669418,1.383734886746876,0
4.969870787010887,5.405452116273519,0
8.261907681586528,-2.860709807239922,0
3.495984467443781,0.4155011296742672,0
3.226837536687846,0.9463670368025918,0
-6.123065536531239,2.7386349313911933,0
-7.49911076178696,2.638080501852653,0
5.590175589781868,5.729993834223141,0
10.15448569364628,-3.004941347095425,0
3.6307746631607145,0.49116489753749637,0
9.581139687357714,-2.8927500600290084,0
10.24987624359192,-3.3935932986380517,0
6.008312258884172,6.894807803405955,0
4.580495344990128,0.9526891175212404,0
4.10287083966785,0.7753820943434537,0
4.139593818304757,5.31378381202748,0
2.957805994297145,1.5972716698824239,0
3.2136168095532236,1.1605028567148459,0
5.52868199412468,5.547086872253546,0
-7.206432767858077,1.9034682683021322,0
3.3779880041004864,1.0720948129022903,0
8.140004066119849,-2.387902096475568,0
-6.490054482909728,2.14413759623881,0
10.236611669075732,-3.2586524698191095,0
-7.337541146961389,1.430126504723363,0
4.556457640636885,5.616151236436954,0
4.262210420900777,2.0240937470201654,0
9.095578035543316,-4.468398309327521,0
10.165170187494196,-3.5735617460014524,0
4.0136852729492976,1.7669855075713348,0
-6.718655027741025,2.0066669640399777,0
