-4.785311046181485,-5.800867267396149,0
-8.015753216423654,-6.047960275036397,0
-7.110588420567123,-3.9603706928253786,0
-4.607920160357436,-6.8410870994718325,0
-8.48616463353678,-4.643696466351328,0
-9.651180409974206,-5.720906542054153,0
-7.115438780645852,0.10049034876352377,0
-7.906406327888026,0.8662138389871646,0
-5.857788659522812,-0.863135220694079,0
-5.263747692681488,-7.3123818481910385,0
-4.671895454314242,-7.220863630282398,0
-5.076783396216871,-4.503658785060372,0
-9.164624393302352,-6.2468897348293835,0
-5.939435565078751,0.7726458095695782,0
-6.292445050732528,-1.3636573589959449,0
-5.0543000056370735,0.10139141209396577,0
-7.020590510047695,-3.7240565672013046,0
-7.739654642267368,-7.000384392491623,0
-10.238051712706845,-6.402654153262043,0
-7.629132434097274,-4.128591994554121,0
-4.286860499912162,-4.8680802092768705,0
-6.242761799988091,-1.2230271920550952,0
-5.415944071901578,-5.449956099184447,0
-3.989799117875837,-0.6941077970170884,0
-8.140986534166318,-3.183349124355778,0
-8.665740745867488,-7.078346836815064,0
-5.743934600972953,1.0064931514551332,0
-6.5448646299206965,-1.003973490050041,0
-3.8437220001637176,-6.214295623658467,0
-6.405461457142787,-6.645764826105428,0
-7.161491784623756,-1.1166295457502107,0
-4.980998881488141,-4.134275665659086,0
-9.84555047066993,-4.9313836811381835,0
-6.448996214437004,0.03169136802593013,0
-4.325526099175141,-7.512852745264252,0
-6.387627889047673,-3.1803788907238477,0
-6.293814258801655,0.18672840857005335,0
-8.017464820431703,-3.9871606912543394,0
-5.7475841115392186,-0.20009495990395335,0
-6.802167090832851,1.4140796715739061,0
-5.485761057935676,-0.23218272631195944,0
-7.851759106917693,-4.053953518454571,0
-9.378842687584633,-6.312989145472577,0
-6.455562706185006,-1.351701592617469,0
-5.6010410236626225,-5.309710177010075,0
-5.424778795183784,0.03746517673523747,0
-5.632774105184324,-6.283091252050015,0
-5.140076070613838,-6.681442021593844,0
-6.974032932370416,-0.9008238843694575,0
-5.2058050871271435,-7.223209944288717,0
-6.326290028375587,0.2022487497673308,0
-7.648465471198523,-7.971586543074315,0
-4.47917430639811,-6.936082525160709,0
-6.049263643779226,-2.3816323294426045,0
-4.559767718989838,0.7073711115349899,0
-6.019537675934112,-1.1253304801555921,0
-9.778940381248665,-4.753384160604714,0
-4.546738313556267,-5.9159336316515265,0
-4.972301168532965,-5.623148267329594,0
-6.52223145991719,1.238212902271302,0
-4.469728134053723,-5.639239949631358,0
-4.275055782886913,-4.441982031071437,0
-6.3221941417125445,2.325069600246942,0
-7.772101046428494,-5.110729081330521,0
-6.656457034698984,0.5287561985153376,0
-2.536081145648214,-5.506938318358067,0
-8.72864468542185,-4.445534264147913,0
-8.706278670177014,-5.10537966639609,0
-5.289009596089664,-3.0470195906457116,0
-4.504023025753053,-5.33229581503064,0
-5.987679944766068,-0.6362517482433175,0
-6.012839881029724,-1.0395167648296673,0
-7.016877654059906,2.0831739385926964,0
-6.769945354135311,-5.401052512823038,0
-7.97217179844808,-5.775539977645261,0
-4.513545712412238,0.30555203815984,0
-4.080897081645207,-6.552483275659767,0
-6.7822722326389915,-0.7424309842316942,0
-4.190532772375529,-3.376177377808145,0
-7.222547168893541,-0.921405313654401,0
-5.172540229704478,1.1646612297787005,0
-7.381116018115816,0.6142606430244496,0
-4.1558130349137326,-5.0146785010326385,0
-8.662073599325847,-6.481643095365136,0
-3.042335478826915,-5.01561007281528,0
-5.645938478135674,1.1108267241865981,0
-1.5339164240244152,-4.499157749730147,0
-4.992066363360102,-5.334393706412344,0
-9.419748891708808,-4.193751741038246,0
-4.873553307897918,-4.672884273433786,0
-5.881491718834994,-0.739597599095379,0
-4.876901520393769,-5.420239753089433,0
-4.247506874657187,-4.741359562372288,0
-6.48142892206405,-0.3803732046409876,0
-9.585142993187672,-4.820351246516587,0
-5.616178314474915,-7.023795716178231,0
-4.351494316285178,-2.507501119452938,0
-7.8687478274375895,-4.0451275622019365,0
-5.626788065431446,0.36270435599570416,0
-9.775817725160499,-5.363088600047374,0
-4.993507479195106,-6.474864821830007,0
-7.099621698284256,-2.9516932760773837,0
-7.370852764980405,0.14797000141684102,0
-5.750081756515979,-1.2710270426808221,0
-6.240466495962931,-0.5349476520012832,0
-5.2587761841649,-1.33837642842478,0
-5.82368714130423,2.2121271213291327,0
-6.067763592159158,-0.5759282368818219,0
-11.030029778748357,-3.8942565738471338,0
-9.277866781665546,-6.31885428528266,0
-9.941172596274008,-4.301644762594108,0
-8.294942548806064,-5.0545617341368425,0
-4.294922077326158,0.7771064341024152,0
-5.208624288519985,-6.196651795810269,0
-8.568480751933464,-6.828524579301006,0
-4.057732149395592,-6.959318934899323,0
-4.926982148726524,0.1536364957603421,0
-9.573215457495913,-5.415715223016963,0
-6.159913154100238,-0.9161098030833229,0
-5.281379516739009,-0.9931580619067504,0
-3.7994888741656077,-6.45168996208876,0
-2.2224537215209477,-6.636438226423384,0
-8.075311230445333,-3.4724239900825165,0
-4.852224831064455,-5.817719983700291,0
-8.402900247613617,-4.715704541703378,0
-5.033052529363111,-7.13866298978289,0
-8.65370834590237,-5.916953500451976,0
-6.81660059557602,2.827270852099222,0
-4.684931823811494,-7.030862483181481,0
-4.648219252580632,-6.601250718752604,0
-9.279458616384737,-6.5559148508883,0
-5.314690448732361,-5.257642350007425,0
-8.924968829416855,-5.349271730661142,0
-6.693771496708819,-5.497978743929308,0
-9.905778641531048,-6.510408562470015,0
-3.478669843044546,-6.019618272290406,0
-7.839822268231747,-6.431648584166343,0
-4.535561890966523,-6.599195024186531,0
-5.810605374432571,0.8891116374138982,0
-6.52135082076339,-1.7857416764067366,0
-7.744363302195891,0.916854243019526,0
-7.10924769054502,1.075125338196551,0
-8.037804540451928,-6.308886402540225,0
-9.276368219239977,-5.747031214632894,0
-7.156610905523972,0.16969225527646234,0
-9.165517451269164,-3.460543223321723,0
-4.692441616558914,-3.971919909779478,0
-6.334170087336839,-0.4636252843155103,0
-7.0912502491352996,-5.117375579694884,0
-5.145624709304928,-4.45907169048431,0
-9.633217941438359,-5.544233181798226,0
-7.053511746993805,-0.2094955937059309,0
-9.010176047060954,-4.942329217110651,0
-6.378636238779492,-1.257708628862847,0
-6.193533555554593,-0.7596721799667269,0
-6.937010237234629,1.3265853331744917,0
-8.00534360428967,-5.919108545795252,0
-5.4352578064570976,-6.881000584217848,0
-6.394419586547346,-5.694411083551262,0
-7.61836862341307,0.7264285456053549,0
-8.648677156589498,-6.054458429274968,0
-9.620375601318095,-4.3914158724938,0
-7.408620942398859,-6.662326137279801,0
-6.141405000835971,0.7417454525339888,0
-8.671669006716963,-6.79951063209239,0
-5.941789575512533,-5.448963590262165,0
-3.9615796396195098,-4.4832278602677595,0
-9.556747276643923,-6.307835423690325,0
-3.424742975202464,-7.219795196286413,0
-4.63081471928031,-6.039393769914642,0
-10.659588604080021,-5.572637836188127,0
-5.169390853317086,-6.384589704023175,0
-8.159743754212997,-5.104662800406786,0
-5.812883591060053,-0.03443255203687082,0
-6.898227507095536,-4.834164536297331,0
-3.348378116453402,-4.359110975090651,0
-5.778650184221383,-5.179027782628319,0
-6.2058378609846985,-0.7734517701657517,0
-5.680942282186467,-0.9339137893354525,0
-6.298318914966889,-0.6454026678877879,0
-5.9677804777176915,-5.266129917939147,0
-5.87972481513175,0.7130020945759491,0
-5.240566144308619,-4.912986920805928,0
-4.626027117445296,-6.102941570873845,0
-7.2605439074920834,-5.290757151722658,0
-8.245625270022321,-1.0721985640603333,0
-7.593619260394128,-4.954379818795053,0
-4.481734609684492,0.3289596029934426,0
-5.797177524847151,-5.353185207417658,0
-10.21949303790983,-5.563209139756687,0
-6.776047056377276,-4.443575033898208,0
-5.180562001800557,0.36413166714633627,0
-10.183574452472586,-4.849438806656334,0
-6.159606090171917,-0.1797652618827837,0
-4.3119330943820255,-0.8461997242423298,0
-7.2735025853716,-0.7793192671716519,0
-5.577494390253084,-6.569716018693704,0
-4.336898007465656,-5.7401907772075,0
-3.3514538405533267,-4.955208945808113,0
-8.078081977368358,-5.777755415608398,0
-9.479583880351717,-4.106612826793471,0
-4.743313678228541,-6.319592206901107,0
-4.6668543219548955,-6.522088061738216,0
-6.148341143783534,-8.271399777579578,0
-5.0178735481333705,1.8975665373611799,0
-5.880849106910615,-6.699237875816362,0
-8.477501892343525,-4.706372038177251,0
-7.479333330861998,0.07448622001164472,0
-9.74504170263856,-6.624499016353523,0
-6.373960218036774,-1.3504741156962088,0
-5.16190860043617,-6.048525140481107,0
-7.708038687623134,-0.04466333198202579,0
-8.728867634742437,-4.429564586603543,0
-4.226544104168076,-4.405623162404111,0
-6.960170026948401,-5.389137510328444,0
-9.75629157838268,-5.6509965817060985,0
-5.9561516298698605,-1.1078087897608198,0
-6.8101863544515835,-2.8605032584102004,0
-5.408599212597618,-5.030871146115372,0
-3.2390678300501374,-6.70380165332106,0
-4.934613916010868,0.18219076085107397,0
-8.215990030019013,-6.357877780445541,0
-5.942988499975876,2.3953784540107868,0
-9.527438523984381,-4.542267295707156,0
-6.927555818045914,-0.6070713594602999,0
-9.33257283398628,-5.64283862029603,0
-6.031622585180446,-6.339254017075903,0
-8.751756610655363,-6.303029698395888,0
-6.322987558514261,-5.245663781740673,0
-6.43267207796261,1.0530607460675487,0
-3.7704326563540866,-6.76428541800191,0
-9.10798185174455,-5.461754072950415,0
-6.291780316298619,-0.8175203456503246,0
-3.1959343927009765,-4.692501073448672,0
-5.278223231069987,0.22840074301558275,0
-3.659799528210034,-4.934631893024246,0
-4.499480407313534,-5.485224506663969,0
-4.014787780735364,-5.189148738157351,0
-5.476965009530445,-4.5305842912897925,0
-7.715466223776138,-4.201125040994229,0
-4.876922374046995,-0.5592018396347247,0
-5.302101182075195,0.6624530954480382,0
-6.113587502914946,-3.137014673646067,0
-6.881736705393003,-5.700493378543052,0
-10.239934249288478,-5.823783643115747,0
-5.064050645860476,-4.772775531472474,0
-6.182289024389817,-7.34660344887496,0
-5.449933207517095,-6.157327712602448,0
-5.975874820169292,-5.619538958083283,0
-5.255616475296124,-5.4605406143956365,0
-4.270842035304664,-5.953412306013731,0
-5.258429819748252,-5.213781934441846,0
-4.668119837163235,-5.971381136787489,0
-8.045155655203526,-5.682838081525288,0
-5.163249336811927,-0.5381876057461935,0
-5.114269155322924,-1.2879951120930317,0
-8.875472482589057,-5.25099881429822,0
-5.093380289235995,-5.260520900652567,0
-5.2814379907944815,-0.8122706141189154,0
-4.859399777938834,-3.3318194146019264,0
-7.378243111727293,-4.808048785536081,0
-6.1736099673838725,-5.670869200632268,0
-6.315588766436933,0.5742554788725672,0
-6.507034932290393,1.7914278021043426,0
-4.634037725591588,-5.776875888150273,0
-4.794897641609526,-7.254829606752893,0
-6.667615149896992,1.2417138871340316,0
-5.0473754536613935,-6.143370643015911,0
-4.948712281089488,-4.889266970253039,0
-5.409452725467067,-4.645818157573676,0
-5.9144213072476495,-0.9683908926932169,0
-8.730329739693808,-6.326688818392098,0
-7.134665366415773,-6.3752467047930095,0
-4.731712550858879,-3.3119533991012995,0
-9.944046513972452,-3.281649777359856,0
-7.9419594245315555,-5.56788895362928,0
-5.578403055198636,-5.352304040692032,0
-5.459519212338419,-0.5385418809489532,0
-5.020587755811511,-5.745512435778734,0
-9.596543881309184,-5.656218792870908,0
-5.605941086671663,1.517353539802961,0
-4.168041203808731,-5.14638789220046,0
-4.829307428422339,-5.944604217259148,0
-5.127675428629421,0.049850096192021236,0
-8.4421503592498,-5.7682451437472935,0
-9.872265855116272,-6.114542910481755,0
-9.610690638195225,-5.962557624662299,0
-7.101495045873813,0.33846848314673994,0
-7.534798661071852,-5.463948740244911,0
-7.608722409645406,-6.240989327359124,0
-4.721427946005739,-0.03379515627850432,0
-8.374139572552412,0.4813265167242802,0
-10.015201471183603,-6.704023443548399,0
-5.420539090733159,0.2579185893953946,0
-7.363093476585431,-1.0018832649892455,0
-8.21010621007255,0.05022613991447918,0
-8.664106101838003,-5.874930691453108,0
-8.880501812763805,-5.632041249457066,0
-5.940718565409777,-0.1250329584034427,0
-5.653916792854583,-3.9566578513325785,0
-10.149167537132296,-4.368258192949709,0
-5.933576842711965,-3.703608926766278,0
-7.942566423789134,-5.882393668564625,0
-9.228062507709975,-5.5828995146927864,0
-5.5913295749425185,-4.419323417401416,0
-4.48381428919387,0.726225891376442,0
-7.019650726448261,-4.483793152090294,0
-7.113358351059625,-7.043320574940614,0
-10.135797714690483,-4.402493641399284,0
-4.098820641144641,0.6324400244743176,0
-3.503323028696899,-5.2214720425923185,0
-8.419254656589004,-3.7605139690376133,0
-3.2003395267943597,-6.306184704796006,0
-3.372516647462141,-5.8726402705297325,0
-8.410671688470492,-4.806978829863039,0
-8.514477950757364,-4.645333694625782,0
-5.077973257307225,-5.28751232076961,0
-5.661099580161203,-5.822836572566145,0
-10.2278572499283,-4.717276880989187,0
-4.923755788967404,-4.81463870879113,0
-5.015109891233495,-5.570243793551697,0
-8.974701876852452,-5.689517812174483,0
-6.27084951020179,1.8048741512400057,0
-2.647325951273131,-7.11802645313576,0
-6.1007809577838135,-0.14959975851111007,0
-8.674128631580132,-5.51762072116862,0
-6.528486691664487,1.2471381801662234,0
-6.2708357838801145,-5.311940845598283,0
-5.370468767515286,-4.156465639557347,0
-6.403859024853442,2.062345374392256,0
-7.951367874930677,-6.192908665849362,0
-11.154861312891946,-5.146426215777626,0
-5.280090506652394,0.0697042099790767,0
-5.850484561330429,-4.183781001397957,0
-8.248890985259836,-5.4135580622275175,0
-6.448247196461666,0.7751827943823535,0
-5.010574881283987,0.35159757010734544,0
-9.68148827493019,-4.480246571101009,0
-9.604682322688404,-4.4632869739345615,0
-8.563432991168966,-6.105992441754768,0
-11.103112829024573,-6.452140651174377,0
-9.034422523553701,-6.458345155996344,0
-5.9337022961432195,0.5670730511369242,0
-6.050193078326673,-1.396833342109234,0
-4.5093330021995754,-3.720816249483441,0
-4.146936322935944,-5.9561751239773475,0
-6.997124279689927,-5.703311279146598,0
-5.054466172057894,-6.095518667837837,0
-4.732939912962906,-5.9611149853219745,0
-6.004342202609578,-6.301180517614594,0
-7.033937228962024,0.6796878626620166,0
-5.1423790094437,-0.15045893982240527,0
-7.706821950570144,-4.7432837796448855,0
-5.3862728119006835,-5.167549649611358,0
-10.117302746748374,-4.064184212386673,0
-5.93841358826038,-5.279981347024225,0
-5.085813777736897,-4.821944526212038,0
-7.039144491101583,0.566111019062458,0
-4.868543283146421,-1.095145292276363,0
-5.9791356718572155,1.807710051282432,0
-8.457183558140256,-3.4114194193675047,0
-5.728188078709138,0.08042674442177694,0
-6.734650388783335,-5.881194975102892,0
-5.3413810825680805,0.9730063317553861,0
-5.9012183919403585,-5.645677841113011,0
-9.229199088125402,-6.376000794425744,0
-6.831015259958386,-1.214399294784651,0
-6.204942949415581,1.4912841396417011,0
-8.384360866391765,-0.32762013925606037,0
-5.00091082949335,-0.12383717375379041,0
-7.755539711703591,-0.06184046343954999,0
-4.897055904313824,-2.508786968452709,0
-8.006931964592907,-5.275988159321706,0
-6.695573312053494,0.47261095731100494,0
-8.520258812879742,-5.628184364292361,0
-5.113581436101388,1.4277840696545843,0
-6.088112935654533,0.9696072625988772,0
-6.813784209287504,-0.1469926987001792,0
-4.997898752252871,-5.108552337314897,0
-5.662839746300062,-4.755958129297847,0
-6.7156914346999725,1.1637680882956467,0
-6.584048867684666,0.38109007894230157,0
-5.057425672328963,0.4851337918472033,0
-5.534670376993383,0.0990731430211312,0
-5.1216495618167,1.0459797697199655,0
-5.06730824544881,-4.416354252098792,0
-4.9968514991816395,0.2711527853953245,0
-6.262023170752493,0.7891579844215086,0
-4.8769837993388325,-0.5245109629309314,0
-9.183912180923365,-5.358789675373845,0
-9.894639526587179,-6.424079856501235,0
-5.40876263037128,-4.8474166709331366,0
-7.3182552794499935,-4.879985921405981,0
-4.613397101531302,-1.7060047726936614,0
-5.73470901892318,-4.644278656535768,0
-10.621018043561445,-6.406520317984137,0
-7.908430923869768,-4.735954590880109,0
-4.341895100120539,-6.252430031815453,0
-10.147075256129218,-6.91993741987044,0
-2.466617818136212,-5.8922916060225745,0
-5.108938694924904,-4.9829643247062565,0
-5.376263241951534,0.8170214457071523,0
-8.009670710987546,-6.267573442754439,0
-5.244453779876828,-0.35042816412368316,0
-6.310150386089266,0.12760906657483637,0
-8.716888274343177,-6.111566842009513,0
-5.802254770094369,0.45494765144762866,0
-4.4423150081200955,0.5391222296121009,0
-7.478188653701825,2.1023294568786097,0
-4.203497311744295,-6.5946111334682485,0
-5.637038390310579,0.30013659851979074,0
-8.506757874823107,-3.589943867325897,0
-4.8260343684094416,-4.8485506744137306,0
-9.161748770771762,-5.094603525768254,0
-3.360046731772445,-5.232701548096741,0
-5.62712074453762,-0.72821444116796,0
-6.586059967984098,1.4237743670553729,0
-5.259109073069251,-5.7220177088959705,0
-7.486799696576351,-5.279904763458452,0
-6.593276728265506,-0.3435304800271465,0
-9.175662658677673,-6.830951540855487,0
-2.9420750390188775,-4.778944526787742,0
-8.850744105551785,-4.698505306276443,0
-7.193426404236275,-5.723860774991748,0
-7.650682798930058,-5.397350075323627,0
-6.3777982360665675,-2.033499619330338,0
-4.411344806299896,-5.753928785888012,0
-9.075540627745282,-5.028444835499316,0
-5.816941799880665,-0.4550425031102271,0
-8.424525325515306,2.080560178663567,0
-5.181447780082048,-5.027234810275147,0
-4.280965856301939,-4.954786472135837,0
-6.008106859215192,-4.7286414428635695,0
-7.211410864054265,0.015688291647792455,0
-3.8648529242267333,-6.95051912975573,0
-5.759658177224222,-0.11515394538987092,0
-5.626556454850227,0.06850402259317567,0
-7.67976415472448,-4.455645609874711,0
-5.053268284883994,-3.790997390546456,0
-4.13878737474513,-0.7372481968734426,0
-3.4658136480896946,-6.4929909963550045,0
-5.130630618706313,2.6032701583078643,0
-8.70771874753059,-3.992067775188016,0
-5.927311369946424,-5.466795619562051,0
-8.389240503943876,-6.265723728777278,0
-5.540469494056404,-4.1965156805068675,0
-9.35380170524712,-5.19586895273679,0
-5.90275599289622,0.0063401162873136475,0
-7.404978140833778,-0.4828119194745315,0
-5.341366035706756,-5.65160914221877,0
-8.615051197943922,-5.6181795412393605,0
-5.019191909455475,-4.180804217851293,0
-4.17398943540018,-4.496960427902165,0
-6.694332208563125,-4.628067502551815,0
-8.253198624733841,-3.276401711664686,0
-7.045158865490346,1.6292218013435924,0
-7.458835113596117,-0.3281072747784762,0
-5.38079785694966,-0.19948078195052174,0
-8.066360284191328,-5.9580524847222405,0
-9.468310161805643,-4.426961900702674,0
-5.091933546011685,-4.788815039464772,0
-4.679247055640363,-4.945362937002747,0
-4.802354975339687,1.41439492838608,0
-5.168569753276018,-4.819225683163832,0
-6.025553776812683,-5.290726520138121,0
-5.874396010028184,-0.6195409854553862,0
-8.404773885153823,-4.791432742223438,0
-9.011020845417638,-3.78700112956886,0
-5.087076543191759,-3.561866438432437,0
-6.002825413248924,0.25226495826668593,0
-8.16047960134343,-6.425189587881335,0
-4.912058863944361,0.00200770426510455,0
-7.0255482636967805,-5.942906522614993,0
-4.143604730344237,-5.939019533953579,0
-9.486194894792202,-5.980693945899351,0
-8.609683048854903,-5.9456717995496735,0
-10.344070562742793,-5.036767705585127,0
-8.39869340438899,-4.947293695249803,0
-5.754365253895724,-1.3722461993556407,0
-7.112086118742898,-1.241090226428849,0
-5.270006491490839,-4.5873099600097165,0
-6.7704288225719305,1.2263752181792906,0
-6.70941518914578,-1.1573528478633128,0
-9.879800562909667,-3.499271545236013,0
-7.5431838596769865,-0.8224162305714623,0
-4.981070296558957,-4.457258314874417,0
-5.015362944733167,0.409266050316957,0
-4.0223604599007405,-3.963758167946211,0
-8.079888939106379,-5.031066951042627,0
-8.310482643658998,-5.462891079146143,0
-7.687255042351895,1.2132268758161882,0
-4.75226077129921,0.1891280679366004,0
-5.056944552277892,-5.075543068962281,0
-4.020016418941024,-4.994242818635426,0
-9.023534106097815,-3.8409118894043894,0
-5.779087194277053,1.444010975012879,0
-3.1503940827579155,-7.0027988479495225,0
-4.812393843886207,-5.848307192431668,0
-9.75481385808488,-6.1568839291441515,0
-5.992898457470097,-5.952151776133781,0
-10.667535273718995,-6.153888323510863,0
-6.707179096485676,-4.865597748835738,0
-10.285293433736335,-4.202506745662657,0
-4.437257834972646,-6.39275542401226,0
-5.136029809697939,-0.9066983840405585,0
-6.490519691558059,-1.2456660889903053,0
-7.20256230051961,0.11215971235706726,0
-5.147021033319152,2.7450481226271584,0
-3.94744053950458,-5.790405697432677,0
-4.592194520637007,-5.728475240469156,0
-9.52966760947905,-4.888477863586657,0
-6.852191583335131,-1.9206310722594864,0
-4.759612216786236,-5.461644487120362,0
-9.356923322000634,-4.896725057683028,0
-8.263635041357311,-6.286451342178902,0
-8.404337087796138,-6.245694016787614,0
-6.820346214514782,-6.761739990699541,0
-5.662142055430424,-4.043397488047324,0
-3.8278471272701786,-4.654306465714629,0
-6.220010431142701,-5.1923771075491265,0
-10.169117447613779,-7.175147263330507,0
-4.956623978260463,-4.678657113432767,0
-6.57636361285321,-6.190473215998756,0
-7.066203822870747,0.6493397807632827,0
-5.981478212086909,-5.043992996069781,0
-7.334269419728231,0.8825063308443793,0
-8.101725308822077,-4.92559885901489,0
-4.396386812622209,1.8319401512220166,0
-9.792728696265133,-6.162921736320926,0
-7.423357522826771,-0.5328700516455773,0
-6.6218002536314575,-1.0540998861282413,0
-7.269567014888995,-0.8703275038008627,0
-6.414958472413549,-6.690114276178084,0
-9.10848605508581,-4.7099596028390645,0
-6.62868887302635,1.1273695621846915,0
-6.0450781498091395,0.7123948668501693,0
-10.179540846130877,-6.050940783825734,0
-9.012776303541102,-5.068142366125279,0
-7.8028790806204595,-2.323969278798958,0
-6.556210789760703,-6.652427569885605,0
-6.931612825700888,-4.617341167794066,0
-7.658716811333365,-5.321960588021837,0
-5.538885087555126,-4.878059646754864,0
-10.391264624574562,-3.490793457358527,0
-9.888087206124524,-4.902065110523786,0
-10.305575927366222,-6.222801189418833,0
-5.038000155095403,-4.8046808982432125,0
-5.108071333504622,-6.0598466537921585,0
-4.627814038193522,-0.7476154769728589,0
-5.243813662019489,0.4393813417410236,0
-7.799932678099549,1.3163068819623764,0
-6.794258692055106,-4.750371473440794,0
-5.788954905495241,-5.877880942042192,0
-7.627866414148475,-5.23869897734645,0
-4.694756622883076,-5.828470648251638,0
-6.474344629925679,-0.37103795788301464,0
-9.673315216569511,-5.0556536110558215,0
-6.008247030378248,1.845492681310587,0
-4.409192901675567,-5.768791927111572,0
-5.099289903673551,-5.935027859056263,0
-8.404684760506818,-3.612387510193699,0
-4.768603380419777,-4.622763921070993,0
-5.427809382777859,-0.27896418852676,0
-5.01051255607416,-3.48000943247951,0
-5.561050551048283,-6.133730021830218,0
-5.681007236417762,-0.6263934347525658,0
-5.359731203045279,0.366888826365257,0
-4.836144777703657,-7.076325393791451,0
-8.037834996552895,-5.012308114477844,0
-5.145133671345985,-0.07628882540172355,0
-5.829067384925021,-6.394076694713493,0
-3.3802250784290675,-6.426604115379272,0
-4.812042312265276,-0.6868064036894622,0
-8.741487837949535,-5.8345060522329435,0
-5.269941993540181,1.4911857109641031,0
-3.56020880912377,-4.9618991974095685,0
-7.829962007975251,-5.97523460386379,0
-5.966317018047527,1.3430166456998045,0
-10.27094521208815,-5.026781428205848,0
-6.92699342914829,0.6019023277408116,0
-8.860600155326058,-5.2528028245563405,0
-6.083793404601973,-0.20196046360013584,0
-6.690580261827223,-5.144868889865723,0
-4.820929897127618,-0.5781877838949474,0
-9.378239481412477,-4.558122099206794,0
-4.296893161160051,1.6254180480425757,0
-8.63195775433972,-6.51533554837734,0
-10.167910086740555,-5.723120586085942,0
-9.60524761580684,-7.140191771885091,0
-5.8126033762025155,-6.286640643811624,0
-4.5828938924245755,-6.753786711315785,0
-9.914451398976608,-3.394643055443405,0
-5.532436140467128,1.5310913129777344,0
-4.150036912807976,-5.640551137868331,0
-8.431463211639628,0.2893637394878866,0
-6.904926275798988,-3.1788954320714327,0
-8.918149974457597,-5.441417860484425,0
-4.18563238832246,1.532402029866971,0
-6.061673801895557,-1.0897948999595353,0
-5.42286117526608,0.6199730969853838,0
-4.939867278802071,-0.27811834789995293,0
-6.204441514844511,-5.875634489556347,0
-9.366918789454676,-5.262785304357338,0
-8.76946680079776,-5.117336089565178,0
-6.9426651165914315,0.18821504996337038,0
-9.134525456926326,-6.289505182443632,0
-7.359995011237778,-1.3047637616128716,0
-10.278704941087392,-6.48049723033097,0
-9.810181160276258,-3.932418190244168,0
-7.223912807844514,1.3978381992628621,0
-6.216747728253055,-4.372443567451219,0
-7.699220974199219,-0.14016244069490524,0
-5.971216873095033,-6.967792639478737,0
-4.287529906081173,-7.587803845334044,0
-9.404284315251168,-5.467711536752313,0
-5.804869074247898,-4.220912354967706,0
-7.307042814657282,0.379518274740611,0
-9.866437834985446,-3.5330761645341227,0
-4.505102869322259,1.0165137279948055,0
-5.79562150807995,0.262770621898248,0
-5.802844270168557,-4.120277042370535,0
-6.21373439188777,-5.754867378174648,0
-5.338842456809397,-1.3941902372422283,0
-8.005757539010917,-8.104354582975947,0
-5.267001192708533,0.23942624908051138,0
-5.22681860326975,-4.1501540606539695,0
-5.065878097808217,-5.760974890090187,0
-7.7743368836829125,-4.853397040100322,0
-8.35881595698363,-5.854004990724498,0
-5.048605012638401,-4.445952419153773,0
-4.768996473052105,-5.710822391215055,0
-8.603738100504863,-6.0610740524533915,0
-5.277940966023513,-7.351518230578304,0
-6.8982423484938495,1.25479674780274,0
-6.136269396377746,0.9495162734181287,0
-5.932846610036045,-1.3726421606094088,0
-4.324783890605516,-5.029109656734465,0
-10.219287239509383,-3.4429132998881435,0
-6.678824319689559,-6.124671721495272,0
-4.684028227021178,-5.431992713348544,0
-6.553907481705056,0.040153054682901465,0
-4.655985036886298,-6.946355816032515,0
-9.558238334172465,-6.924116931192796,0
-8.445913848546702,-4.892650439900298,0
-8.707616276777644,-3.669283022470015,0
-6.006530082033317,1.4641732324758696,0
-8.728958448458766,0.5821817461919453,0
-9.482221776748638,-5.370485117314708,0
-5.7833935905182425,-6.68985614269399,0
-8.43944368220998,-7.664815243774084,0
-6.830967852914768,0.3517502759802509,0
-6.572831648421594,-5.296808698231116,0
-7.3646159842639465,-5.429161816353829,0
-7.575076516617023,-5.936817726338906,0
-4.808923682477113,-7.013447851548639,0
-9.029886357284008,-3.7997739060802385,0
-7.828891361976475,-4.876455023168781,0
-8.08606497833788,-4.232516334146083,0
-5.9777172962376595,-0.2721812994844957,0
-4.462277951728816,-5.178639086188172,0
-6.007511367184748,1.481586916530522,0
-5.626255890439629,-4.369261208506424,0
-5.04953246727508,-0.8506447517859629,0
-10.950625101523617,-5.821590627596267,0
-6.106030109954883,-7.243929777272998,0
-10.670841061901879,-5.526389598481438,0
-3.6289371928313088,-6.39049326594206,0
-7.080355771138619,-4.847477652132692,0
-5.242134791454211,0.6702263788420345,0
-9.198956087590524,-6.786106454276484,0
-8.165836133923946,-6.652594136736017,0
-9.213526642532996,-5.330912669367717,0
-10.610204331973511,-5.733308012300093,0
-5.874234916976695,-0.10702968281006904,0
-9.911138005516557,-4.596439875985309,0
-9.218023659041524,-4.454999305329149,0
-4.270743755027323,0.009267134915293093,0
-4.894194965674513,-5.827672764538247,0
-9.352844580882227,-4.037123991748088,0
-9.99163525307075,-3.6596755773211322,0
-5.593032135338654,-6.422873456545343,0
-3.8885155278179866,-4.953336841175017,0
-9.437834986318823,-6.090743320718266,0
-9.86058508955112,-4.9951277688846005,0
-5.823409000702701,-4.419985895490455,0
-7.027596079625653,-5.733785264786207,0
-7.370612566587267,-6.692505182464689,0
-10.247098276207097,-5.2418547004214675,0
-6.21025396092897,0.3628843806619226,0
-5.255517728643267,-4.485768005952597,0
-5.815510808892316,0.227506017835325,0
-4.781575062679429,-5.342447054162121,0
-6.830481644901391,-1.7301241429662633,0
-8.901167742227727,0.06526224527493801,0
-5.027068020257217,0.345185648792657,0
-8.897607157688578,-5.687736335183428,0
-5.539686790092038,-5.071768299005618,0
-7.926056121826599,-4.278750947790644,0
-6.326030621440892,0.02046565843445418,0
-8.766932385113149,-5.144645211227534,0
-8.135077124251925,-3.3847206789503668,0
-7.090467930519668,0.8545958519915058,0
-8.596685943994174,-4.952222941864014,0
-6.180903892735685,-1.369881662789019,0
-5.711432298562005,-0.45744416918488023,0
-5.324165101526914,-0.5044401830704072,0
-9.607975402144408,-5.565336376268682,0
-8.621110520561677,-3.8044932361873167,0
-7.446870375253131,-0.14787232474676054,0
-8.76683926725391,-5.234582968416207,0
-5.891585798513864,-5.584451824475728,0
-5.692548044884695,-4.6028168991824145,0
-8.582398714730397,-5.288557835963308,0
-5.175108153467453,-0.9909781797854567,0
-9.409242656159426,-3.9279861893129535,0
-4.7789260202831905,-5.474698772052127,0
-5.069070110229411,-6.98223064885894,0
-3.7146038100256997,0.5941534545741622,0
-8.103150693064693,-6.51271588676106,0
-9.355836925565674,-4.448654067094333,0
-8.526725633746628,-4.48486637904309,0
-8.217272873778676,1.2346668473640998,0
-5.5291323760464595,-6.440070448397307,0
-8.469661771179615,-6.420058738560871,0
-5.459730618317948,-5.274695776026247,0
-5.579254214744894,-5.158105598683526,0
-8.759796367939108,-4.016701632364269,0
-8.476961060451444,-6.535257801337989,0
-4.441606603952775,-5.289753638306424,0
-10.075478028276034,-5.9164571456324895,0
-9.584552187671992,-4.893019632093518,0
-3.8217931099908324,0.404944195497395,0
-8.34795979564929,-5.804025858715116,0
-4.594559553774445,-5.498268409959217,0
-8.32837583104666,-5.094164742335069,0
-4.913886073119643,0.5608147223276883,0
-4.7831210587307975,-5.7520554852837105,0
-5.934943706469806,-4.353041450814965,0
-5.2830817297546275,-7.432484381022962,0
-4.098393191588909,-6.77343681178193,0
-8.702046691242934,-4.514781388869563,0
-5.778464966385535,-5.408914736172038,0
-9.204221596224203,-4.674134346747249,0
-6.332371436233866,-0.44680142845819115,0
-7.641354786767563,-4.871833700399386,0
-7.834492151909364,-5.764702794597322,0
-9.164650637026565,-5.329826311123883,0
-6.470039946101631,-6.713149848903001,0
-5.234619997371487,-5.660078152724937,0
-4.333044753239412,-7.2737687749659,0
-6.864952120897099,-0.9663747708944789,0
-6.21876981168866,1.087875355997049,0
-6.506639252351765,0.4053615790850961,0
-5.504521676979694,-6.644372246581489,0
-4.456482871002215,-4.620389097850443,0
-8.643708901602979,-6.916371071797198,0
-7.457610805203011,0.1599841065426607,0
-6.430761837146292,0.4948959880088516,0
-10.11299775571389,-7.621079976759033,0
-5.015022513111067,0.5463577625426523,0
-5.366601287064268,1.6630131968525268,0
-7.393986125475392,-6.011563732194006,0
-3.8788096204829627,-4.446176688971203,0
-5.930149735015385,0.2738037571921264,0
-5.9432081845078235,-4.880714511844221,0
-6.365469895643963,-0.9750235636492826,0
-7.301623762322897,1.9371017071931473,0
-6.199667453141369,-5.957789740589447,0
-6.3309191914131775,-1.2375189661877972,0
-6.103551306021265,-4.476833174295402,0
-7.757321761744555,-5.385461128434674,0
-6.874391693935037,-0.1476305188100556,0
-3.1646323412853565,-6.933732146646058,0
-4.842218244900192,-5.307061857746712,0
-7.604560959520374,-5.633891038980837,0
-9.36279787156378,-5.863898644079676,0
-8.404581048779178,-5.96410344281975,0
-7.6671024570876,-2.5098642844795283,0
-5.180554215330457,-5.163414739961877,0
-4.057028919451898,-5.191003340634978,0
-7.637462599727977,-5.212016551400979,0
-5.635377235050708,-0.9201683035768118,0
-7.729533764702072,-4.677019209259374,0
-5.732655194813481,-1.5769911588664867,0
-6.333957694320549,1.0618226134612048,0
-5.786304266617723,-5.508195507057846,0
-5.569025196291151,-5.290126779639311,0
-5.890129982744311,-7.263455186038791,0
-6.863400803057118,-0.8767599671607261,0
-8.268238864351947,-5.979618111468748,0
-5.779375470902717,-6.176187381932776,0
-5.468611415427908,-5.989938637045236,0
-5.731592533900903,-6.365947103653048,0
-6.296516141954159,-5.669814935261785,0
-9.13165210336608,-5.218115512576674,0
-8.316705737564044,-4.444546299997404,0
-8.493991379356913,-3.369827691564857,0
-6.354295341130728,-4.697854743137828,0
-4.694653445588624,-5.432360697049919,0
-8.239542601446168,-5.283016277091103,0
-8.313555576463063,-6.196922489441026,0
-5.195971516305994,-1.0981010976305237,0
-9.137945489834168,-6.192001794681214,0
-5.212133351975674,0.06122882106533451,0
-5.281073234686374,2.2245094031079735,0
-4.613672372077043,-4.935548521623823,0
-5.53515398889026,-4.973580148539673,0
-7.353561043113647,-4.464686025205771,0
-4.088725847389375,-0.14475251429177655,0
-6.684158157780719,0.44443511431100485,0
-6.624198574556944,-7.386575042953146,0
-7.681837848605424,-5.998359764169384,0
-4.6540246197742,-6.442902842700324,0
-8.17623285861576,-6.035812360239773,0
-5.456815024398105,-5.603696478143988,0
-7.540882880597257,-4.8014128514184735,0
-5.950837256309051,-5.654098249452656,0
-5.760526924118217,1.4834415562619232,0
-5.3270218337117035,-7.4684055979793325,0
-7.356209767947039,-0.8508067656824961,0
-7.264208261885088,-0.15375915157374276,0
-6.085193293510504,2.046633799451221,0
-8.669979136857844,-4.822144591561342,0
-6.732085311152996,-1.1062071242507658,0
-5.3452139716331555,0.5879558827781628,0
-7.803648555908452,-6.09920765825578,0
-8.959246599797144,-6.899989647352428,0
-8.681451235584797,-5.671216788852724,0
-8.610454117699996,-4.316837972232173,0
-3.9269863120297694,-4.376114291804544,0
-5.6603930453212765,-4.16364891775599,0
-4.713909258231771,-5.2393090286523005,0
-4.7327722859099355,-6.418823299537813,0
-3.6974620019188937,-3.6724451253974566,0
-5.797669248783688,-6.796848190667788,0
-5.3422976659079415,-7.024636662261475,0
-7.7441037975454785,-3.8184406834352473,0
-8.619183385668387,1.0940635095450717,0
-4.800692543208131,-4.975196927247082,0
-4.584592182052578,-4.408105515343632,0
-9.901998110979726,-4.97073189941534,0
-7.7071946365655695,-6.899037520117192,0
-5.609095484436165,-4.716818970221135,0
-6.472435653694669,-6.17218233176461,0
-9.11698003707655,-4.91045462644965,0
-5.860342510571428,0.5598115939330489,0
-10.147617455504466,-4.688581994205679,0
-6.690275801687422,1.2360699484538233,0
-5.006869099557722,0.7852595504703767,0
-6.291511586273665,-3.9901978300292673,0
-5.608577375934499,-5.986640139933674,0
-10.730408001301212,-3.299225902716748,0
-5.450957098123412,-4.419902511112079,0
-6.047055932927771,0.609145603167594,0
-8.099051238749523,-5.949263616604309,0
-3.9871198027089108,1.3614921908304753,0
-6.235987539669657,1.3461311216658218,0
-4.984165919204909,-0.5140845882858223,0
-8.024030047991594,-4.4049587235943575,0
-5.859708173956768,-1.0204857249325816,0
-5.560715884675837,-6.361475237356284,0
-6.304929426938374,-1.8137519800769424,0
-8.843170763860886,-6.117357795034214,0
-5.292478868039634,-7.094313038508146,0
-4.872394192098033,0.07717086914894265,0
-8.367766787582202,-4.482720045640977,0
-6.820739963572423,-0.26590443288369237,0
-9.349148969556724,-4.651179456082805,0
-4.098660304316213,-4.556025783151491,0
-5.28303521541597,-0.6246408311855047,0
-7.725645231414987,0.1643642570277809,0
-5.7081574827479775,-5.574998114212781,0
-7.679799084144332,-6.477657386390259,0
-3.4694080293683482,-5.511197593665987,0
-7.107472339786208,-5.8206290083556445,0
-5.0169769885006685,-2.0269741900216087,0
-4.733944766111941,-6.738166178157288,0
-8.737949219824522,-6.095400477345059,0
-4.767098235879455,-5.454001422913356,0
-9.292552960606828,-6.00907209589995,0
-5.928449507713632,-1.1251315247445377,0
-7.546664872441224,-2.9220839623002477,0
-9.821506923378212,-5.918670721537937,0
-6.419497928326689,-1.0509082537516825,0
-5.355727169983114,0.19093172339448428,0
-8.609543337093971,-4.551957861913824,0
-4.6966523401421,-5.03697760986544,0
-9.110421006880307,-4.2549275384616365,0
-8.431167566770485,-5.385559762548903,0
-4.441321108860597,-3.9075303424310563,0
-6.640465490323065,-2.665384674051791,0
-6.228104250890003,-6.922757738205799,0
-7.340415514893275,-5.567310881756602,0
-5.388337012115041,-6.87065151077778,0
-4.5139263396088545,-4.5655546370342,0
-3.954672043349115,-4.888301296999398,0
-5.655413307868578,0.29477765270749207,0
-8.158459474126179,-6.615396647241735,0
-7.734196461856174,-6.097267756142152,0
-5.634178329260334,-7.1973521572425305,0
-8.319346171891892,-6.36789468298305,0
-5.921207535748986,-0.32452535766460605,0
-5.388985010466628,0.9447594111223474,0
-7.382679732729048,-5.8712894407073595,0
-7.811207748984093,-5.854297429983596,0
-5.432682080410945,-1.2004742914523066,0
-6.74747399851427,-0.11623671678246064,0
-6.019623507230751,-0.5984616556295059,0
-7.227120760868573,-5.441100020529555,0
-5.4904706209779315,1.5253518477172179,0
-8.130676694572342,-6.5216034578923345,0
-7.3413565972896535,-6.740189464947239,0
-9.167950970522126,-7.059458995529471,0
-5.616055402626696,0.34291653313997256,0
-6.00553995554794,-7.071183177423589,0
-3.602950629989106,-3.7127828706582813,0
-5.951747661491577,1.1128187515728891,0
-6.215298519901156,0.25189874351025604,0
-8.660427579005624,0.040110263288741885,0
-7.572318910241726,-5.766848144957617,0
-3.585061555758819,-4.320663415803878,0
-5.324351344669578,0.8567019644081386,0
-7.775021734789797,-5.808185260851995,0
-5.127976223768121,-5.364019164254858,0
-5.063145600746187,-4.590341204307505,0
-6.366213169797188,-0.6140454118369336,0
-6.293786532806161,0.06877920568929866,0
-3.0172148263945813,-4.556055444487172,0
-5.485913764705251,-0.04279245165464296,0
-8.061644903923447,-4.845312966866887,0
-4.575582638348454,-5.948112809533556,0
-10.439496875435944,-4.237898090617571,0
-6.331503229432393,-0.15471708347611296,0
-7.920683520121505,-3.882680001763018,0
-4.848117587170076,-4.587889805655492,0
-8.695956849766391,-6.1913491302697565,0
-4.663628909414171,-0.10688838827839765,0
-6.047685044735235,0.6091163008652671,0
-4.360114331819344,-8.54473182146078,0
-5.0467900057005135,0.25976222773596347,0
-8.422949751009623,-7.3149589890597175,0
-4.4816071462537685,-6.287254104366922,0
-9.194862421800815,-6.294916218698769,0
-10.136424130300414,-5.742815560434076,0
-7.534408288691059,-4.803478202759632,0
-5.531207969616244,-6.225456107054214,0
-4.736845880879717,-7.308263069927245,0
-4.271616233659072,1.4012629162882468,0
-6.787354524308306,-0.1273062686425566,0
-7.93442223361637,0.2729238138841424,0
-4.680887051803058,-7.046215928349657,0
-9.488493504708101,-5.433995937494781,0
-7.245898561236108,0.7351564782856777,0
-7.70060966775623,-3.170157295651766,0
-8.303151101538642,-6.88188994108894,0
-7.623211901570809,-4.966545981661606,0
-4.541625184580108,-5.939674343340719,0
-8.480774494274414,-4.868326820360862,0
-9.15030520466468,-6.597383325439052,0
-6.3032971938871265,-1.5620752050006743,0
-8.977187381045594,-5.120659794887616,0
-5.892275293097571,-1.3061689553845783,0
-9.322410773376367,-5.777167917851535,0
-8.487395629810642,-6.4031010003645354,0
-3.339590913196627,-7.244184586523571,0
-7.94054897473028,-4.056548272393467,0
-8.389567989017314,-4.873171282589466,0
-4.771243083140559,-1.090057766150959,0
-8.068867746666891,-5.800840766183312,0
-6.972291209108289,-6.148984015540337,0
-7.543387750502943,-5.851247566997376,0
-9.084370015012535,-6.169093578439893,0
-6.450835384156241,0.1133259206850043,0
-4.298881918219779,-5.960840495653791,0
-11.253853383959465,-5.2907113003128545,0
-5.864551286205429,-2.54808026594139,0
-7.710586755325591,-5.817976912622374,0
-3.306225753596287,-4.681422600362168,0
-5.425920887457227,0.051352462788544447,0
-8.696855557378,-6.169322151545505,0
-5.433827804431208,0.7209145148086259,0
-5.432625872107622,-4.721403756278757,0
-7.255967755991563,0.7814444725554124,0
-5.1903303478646885,-0.4196426117821452,0
-9.119628301619581,-4.109421701325798,0
-4.9872397979988845,-4.658019192912004,0
-5.371128251509035,-0.5646966519898873,0
-5.45801775469817,-5.937274420350126,0
-5.100550101059636,-2.8636464466666975,0
-5.165362619144416,-3.568963464192734,0
-5.8484104068639775,-2.7265657363634332,0
-4.506308997512028,-4.467365504337508,0
-5.581450479987922,-5.0494579376562285,0
-5.884606397349334,-5.404488212971641,0
-5.81140915095194,-0.01960404869214384,0
-9.202041556960346,-4.442022383776669,0
-7.980131088395822,-4.08113358232965,0
-5.351925489753736,-5.076593925302196,0
-7.638900967558191,-3.0819067025122573,0
-7.194303682451181,-0.03610510339539163,0
